	chao1
1788.mck772Post.10Buma.10	152.64705882352942
1788.mck266Post.1Buma.1	100.0
1788.mck311Post.2Raca.3	79.0
1788.mck768Post.10Buma.6	187.06666666666666
1788.mck520Post.5Osse.7	221.8
1788.mck30Pre.1Rapi.9	94.6
1788.mck69Pre.2Rapi.5	122.0
1788.mck771Post.10Buma.9	131.5
1788.mck767Post.10Buma.5	124.64705882352942
1788.mck702Post.9Buma.5	217.375
1788.mck26Pre.1Rapi.5	86.25
1788.mck84Pre.2Bubo.8	83.16666666666667
1788.mck790Post.11Bubo.6	56.0
1788.mck108Pre.3Buma.2	139.04761904761904
1788.mck310Post.2Raca.2	114.75
1788.mck807Post.10Control.Mold	140.27272727272728
1788.mck198Pre.3Osse.6	93.58333333333333
1788.mck243Pre.5Bubo.8	72.0
1788.mck366Post.3Raca.5	132.65217391304347
1788.mck61Pre.2Buma.8	220.9375
1788.mck787Post.11Bubo.2	78.0
1788.mck697Post.9Raca.10	183.75
1788.mck331Post.2Rapi.2	92.25
1788.mck45Pre.2Raca.2	227.11111111111111
1788.mck166Pre.4Buma.7	111.58823529411765
1788.mck48Pre.2Raca.5	125.46153846153845
1788.mck348Post.2Bubo.7	70.2
1788.mck88Pre.1Osse.2	69.2
1788.mck196Pre.3Osse.4	91.27272727272728
1788.mck796Post.10Osse.3	142.36363636363637
1788.mck118Pre.3Rapi.1	70.14285714285714
1788.mck468Post.4Osse.8	123.85714285714286
1788.mck349Post.2Bubo.8	59.75
1788.mck231Pre.5Rapi.8	59.25
1788.mck93Pre.1Osse.7	86.36363636363636
1788.mck185Pre.4Bubo.3	73.0
1788.mck315Post.2Raca.7	116.0
1788.mck217Pre.5Buma.5	169.375
1788.mck558Post.6Bubo.2	108.25
1788.mck572Post.6Osse.6	128.11111111111111
1788.mck733Post.9Osse.4	83.375
1788.mck227Pre.5Rapi.4	66.0
1788.mck469Post.4Osse.9	122.125
1788.mck534Post.6Buma.1	221.0
1788.mck308Post.1Osse.10	80.42857142857143
1788.mck219Pre.5Buma.7	132.0
1788.mck169Pre.4Buma.10	151.0
1788.mck314Post.2Raca.6	87.25
1788.mck422Post.4Raca.5	121.66666666666667
1788.mck518Post.5Osse.5	96.5
1788.mck559Post.6Bubo.3	80.2
1788.mck573Post.6Osse.7	202.89473684210526
1788.mck102Pre.3Raca.6	257.6
1788.mck224Pre.5Rapi.1	180.61904761904762
1788.mck776Post.10Rapi.3	59.0
1788.mck147Pre.2Osse.8	110.2
1788.mck113Pre.3Buma.7	137.2
1788.mck521Post.5Osse.8	172.95652173913044
1788.mck178Pre.4Rapi.8	82.6
1788.mck770Post.10Buma.8	171.25
1788.mck123Pre.3Rapi.6	72.0
1788.mck766Post.10Buma.4	155.0
1788.mck438Post.4Buma.11	126.08333333333333
1788.mck208Pre.5Raca.6	113.46153846153847
1788.mck326Post.2Buma.8	178.15384615384616
1788.mck570Post.6Osse.4	125.0
1788.mck335Post.2Rapi.6	79.0
1788.mck769Post.10Buma.7	123.4375
1788.mck42Pre.1Bubo.9	150.0
1788.mck257Post.1Raca.2	65.0
1788.mck678Post.8Osse.1	100.375
1788.mck536Post.6Buma.3	175.33333333333334
1788.mck206Pre.5Raca.4	139.0
1788.mck120Pre.3Rapi.3	124.25
1788.mck327Post.2Buma.9	147.375
1788.mck745Post.10Bubo.2	80.75
1788.mck571Post.6Osse.5	84.66666666666667
1788.mck210Pre.5Raca.8	142.0
1788.mck784Post.10Rapi.11	123.0
1788.mck18Pre.1Buma.8	170.76923076923077
1788.mck658Post.8Rapi.2	94.16666666666667
1788.mck5Pre.1Raca.5	125.55
1788.mck141Pre.2Osse.2	80.0
1788.mck460Post.4Bubo.10	82.75
1788.mck707Post.9Buma.10	131.4
1788.mck239Pre.5Bubo.4	101.42857142857143
1788.mck392Post.3Rapi.10	53.25
1788.mck216Pre.5Buma.4	152.36363636363637
1788.mck671Post.8Bubo.3	79.5
1788.mck402Post.3Bubo.8	68.66666666666667
1788.mck380Post.3Buma.9	122.95652173913044
1788.mck465Post.4Osse.5	104.5
1788.mck11Pre.1Buma.1	160.16666666666666
1788.mck387Post.3Rapi.5	86.0
1788.mck92Pre.1Osse.6	70.75
1788.mck129Pre.3Rapi.12	95.66666666666667
1788.mck184Pre.4Bubo.2	62.666666666666664
1788.mck758Post.10Raca.6	98.0
1788.mck780Post.10Rapi.7	112.5
1788.mck781Post.10Rapi.8	109.9090909090909
1788.mck60Pre.2Buma.7	185.33333333333334
1788.mck242Pre.5Bubo.7	113.25
1788.mck103Pre.3Raca.7	189.64705882352942
1788.mck685Post.8Osse.8	171.23076923076923
1788.mck171Pre.4Rapi.1	145.55555555555554
1788.mck167Pre.4Buma.8	172.06666666666666
1788.mck670Post.8Bubo.2	101.11111111111111
1788.mck403Post.3Bubo.9	98.0
1788.mck386Post.3Rapi.4	93.0
1788.mck757Post.10Raca.5	127.14285714285714
1788.mck138Pre.3Bubo.9	80.57142857142857
1788.mck218Pre.5Buma.6	153.08333333333334
1788.mck345Post.2Bubo.4	101.0
1788.mck464Post.4Osse.4	149.0
1788.mck720Post.9Rapi.12	285.0
1788.mck505Post.5Bubo.2	67.25
1788.mck291Post.1Bubo.3	68.42857142857143
1788.mck130Pre.3Bubo.1	81.2
1788.mck209Pre.5Raca.7	154.78947368421052
1788.mck179Pre.4Rapi.9	82.6
1788.mck150Pre.4Raca.1	251.5
1788.mck467Post.4Osse.7	118.33333333333333
1788.mck112Pre.3Buma.6	176.1764705882353
1788.mck290Post.1Bubo.2	80.25
1788.mck29Pre.1Rapi.8	78.75
1788.mck646Post.8Buma.1	148.35294117647058
1788.mck680Post.8Osse.3	123.66666666666667
1788.mck4Pre.1Raca.4	208.0
1788.mck133Pre.3Bubo.4	80.0
1788.mck655Post.8Buma.10	146.4
1788.mck19Pre.1Buma.9	190.25
1788.mck161Pre.4Buma.2	181.08333333333334
1788.mck153Pre.4Raca.4	188.21428571428572
1788.mck347Post.2Bubo.6	51.5
1788.mck376Post.3Buma.5	208.3125
1788.mck461Post.4Osse.1	113.0
1788.mck383Post.3Rapi.1	170.5263157894737
1788.mck618Post.7Bubo.6	68.14285714285714
1788.mck432Post.4Buma.5	137.83333333333334
1788.mck278Post.1Rapi.2	79.5
1788.mck517Post.5Osse.4	121.0909090909091
1788.mck502Post.5Rapi.11	121.0
1788.mck107Pre.3Buma.1	149.10526315789474
1788.mck524Post.6Raca.1	38.0
1788.mck38Pre.1Bubo.5	187.35294117647058
1788.mck109Pre.3Buma.3	202.0
1788.mck85Pre.2Bubo.9	70.85714285714286
1788.mck619Post.7Bubo.7	84.0
1788.mck55Pre.2Buma.2	138.4
1788.mck279Post.1Rapi.3	90.76923076923077
1788.mck10Pre.1Raca.10	104.5
1788.mck58Pre.2Buma.5	163.1
1788.mck35Pre.1Bubo.2	117.0909090909091
1788.mck674Post.8Bubo.6	45.75
1788.mck68Pre.2Rapi.4	44.75
1788.mck404Post.3Bubo.10	41.75
1788.mck116Pre.3Buma.10	166.0
1788.mck303Post.1Osse.5	105.125
1788.mck756Post.10Raca.4	150.64705882352942
1788.mck463Post.4Osse.3	101.0
1788.mck624Post.7Osse.2	346.57894736842104
1788.mck170Pre.4Buma.11	103.1
1788.mck295Post.1Bubo.7	79.5
1788.mck427Post.4Raca.10	251.78378378378378
1788.mck43Pre.1Bubo.10	105.9090909090909
1788.mck526Post.6Raca.3	108.07692307692308
1788.mck146Pre.2Osse.7	162.31578947368422
1788.mck199Pre.3Osse.7	80.5
1788.mck302Post.1Osse.4	76.625
1788.mck759Post.10Raca.7	161.4
1788.mck230Pre.5Rapi.7	150.15384615384616
1788.mck117Pre.3Buma.11	171.33333333333334
1788.mck197Pre.3Osse.5	80.1
1788.mck89Pre.1Osse.3	84.83333333333333
1788.mck462Post.4Osse.2	139.75
1788.mck343Post.2Bubo.2	53.5
1788.mck372Post.3Buma.1	143.4
1788.mck294Post.1Bubo.6	42.0
1788.mck684Post.8Osse.7	193.8125
1788.mck251Pre.4Osse.6	91.625
1788.mck625Post.7Osse.3	104.33333333333333
1788.mck793Post.11Bubo.10	108.3
1788.mck350Post.2Bubo.9	97.0
1788.mck393Post.3Rapi.11	32.0
1788.mck797Post.10Osse.4	78.85714285714286
1788.mck599Post.7Buma.10	147.8
1788.mck677Post.8Bubo.10	140.25
1788.mck779Post.10Rapi.6	198.0
1788.mck223Pre.5Buma.11	161.05555555555554
1788.mck492Post.5Rapi.1	71.6
1788.mck451Post.4Bubo.1	72.11111111111111
1788.mck173Pre.4Rapi.3	101.25
1788.mck542Post.6Buma.9	136.2
1788.mck323Post.2Buma.5	174.8
1788.mck101Pre.3Raca.5	122.42857142857143
1788.mck240Pre.5Bubo.5	80.42857142857143
1788.mck551Post.6Rapi.7	131.0
1788.mck805Post.10Control.Holtfreter	23.0
1788.mck428Post.4Buma.1	135.5
1788.mck575Post.6Osse.9	184.8
1788.mck628Post.7Osse.6	105.0
1788.mck486Post.5Buma.6	143.375
1788.mck23Pre.1Rapi.2	153.0
1788.mck236Pre.5Bubo.1	80.16666666666667
1788.mck13Pre.1Buma.3	165.4
1788.mck90Pre.1Osse.4	55.75
1788.mck806Post.10Control.Crickets	304.875
1788.mck544Post.6Buma.11	157.89473684210526
1788.mck222Pre.5Buma.10	129.0
1788.mck487Post.5Buma.7	110.52631578947368
1788.mck286Post.1Rapi.10	83.0
1788.mck322Post.2Buma.4	133.21428571428572
1788.mck550Post.6Rapi.6	141.125
1788.mck574Post.6Osse.8	334.525
1788.mck585Post.7Raca.6	106.33333333333333
1788.mck711Post.9Rapi.3	109.14285714285714
1788.mck614Post.7Bubo.2	62.0
1788.mck53Pre.2Raca.10	148.85714285714286
1788.mck484Post.5Buma.4	151.75
1788.mck528Post.6Raca.5	167.88235294117646
1788.mck426Post.4Raca.9	161.56521739130434
1788.mck453Post.4Bubo.3	84.66666666666667
1788.mck543Post.6Buma.10	132.33333333333334
1788.mck6Pre.1Raca.6	127.11111111111111
1788.mck381Post.3Buma.10	42.5
1788.mck615Post.7Bubo.3	83.33333333333333
1788.mck710Post.9Rapi.2	220.0
1788.mck785Post.10Rapi.12	130.16666666666666
1788.mck110Pre.3Buma.4	175.11111111111111
1788.mck360Post.2Osse.9	96.0
1788.mck485Post.5Buma.5	212.76923076923077
1788.mck132Pre.3Bubo.3	78.875
1788.mck730Post.9Osse.1	138.66666666666666
1788.mck737Post.9Osse.8	111.11111111111111
1788.mck452Post.4Bubo.2	72.6
1788.mck299Post.1Osse.1	120.5
1788.mck496Post.5Rapi.5	48.0
1788.mck455Post.4Bubo.5	92.5
1788.mck275Post.1Buma.10	94.33333333333333
1788.mck482Post.5Buma.2	151.21428571428572
1788.mck106Pre.3Raca.10	167.33333333333334
1788.mck622Post.7Bubo.10	100.14285714285714
1788.mck454Post.4Bubo.4	89.07692307692308
1788.mck641Post.8Raca.6	150.0
1788.mck72Pre.2Rapi.8	75.75
1788.mck483Post.5Buma.3	146.58823529411765
1788.mck736Post.9Osse.7	161.14285714285714
1788.mck183Pre.4Bubo.1	121.57142857142857
1788.mck688Post.9Raca.1	161.6153846153846
1788.mck298Post.1Bubo.10	76.375
1788.mck339Post.2Rapi.10	60.5
1788.mck777Post.10Rapi.4	91.14285714285714
1788.mck287Post.1Rapi.11	131.15384615384616
1788.mck791Post.11Bubo.8	91.85714285714286
1788.mck457Post.4Bubo.7	61.6
1788.mck799Post.10Osse.6	147.1
1788.mck715Post.9Rapi.7	94.125
1788.mck706Post.9Buma.9	164.61904761904762
1788.mck481Post.5Buma.1	119.17647058823529
1788.mck734Post.9Osse.5	62.111111111111114
1788.mck144Pre.2Osse.5	79.66666666666667
1788.mck255Pre.4Osse.10	49.0
1788.mck456Post.4Bubo.6	51.25
1788.mck533Post.6Raca.10	100.0
1788.mck245Pre.5Bubo.10	98.0
1788.mck271Post.1Buma.6	123.0
1788.mck419Post.4Raca.2	134.23529411764707
1788.mck714Post.9Rapi.6	131.1
1788.mck509Post.5Bubo.6	61.0
1788.mck306Post.1Osse.8	92.11111111111111
1788.mck568Post.6Osse.2	174.0
1788.mck600Post.7Buma.11	218.95454545454547
1788.mck458Post.4Bubo.8	81.0
1788.mck341Post.2Rapi.12	77.0
1788.mck448Post.4Rapi.10	57.0
1788.mck800Post.10Osse.7	92.625
1788.mck801Post.10Osse.8	82.5
1788.mck307Post.1Osse.9	66.0
1788.mck569Post.6Osse.3	152.9090909090909
1788.mck516Post.5Osse.3	84.25
1788.mck459Post.4Bubo.9	71.85714285714286
1788.mck73Pre.2Rapi.9	138.0
1788.mck356Post.2Osse.5	162.9090909090909
1788.mck718Post.9Rapi.10	130.16666666666666
1788.mck155Pre.4Raca.6	243.8
1788.mck480Post.5Raca.10	79.66666666666667
1788.mck351Post.2Bubo.10	90.625
1788.mck52Pre.2Raca.9	124.375
1788.mck440Post.4Rapi.2	51.75
1788.mck729Post.9Bubo.10	74.625
1788.mck511Post.5Bubo.8	82.5
1788.mck135Pre.3Bubo.6	92.0
1788.mck32Pre.1Rapi.11	87.25
1788.mck738Post.9Osse.9	176.25
1788.mck259Post.1Raca.4	125.16666666666667
1788.mck436Post.4Buma.9	187.0
1788.mck538Post.6Buma.5	192.54545454545456
1788.mck441Post.4Rapi.3	95.75
1788.mck527Post.6Raca.4	198.5263157894737
1788.mck164Pre.4Buma.5	181.0
1788.mck762Post.10Raca.10	220.5
1788.mck192Pre.4Bubo.10	104.375
1788.mck361Post.2Osse.10	122.14285714285714
1788.mck595Post.7Buma.6	157.5625
1788.mck226Pre.5Rapi.3	91.27272727272728
1788.mck100Pre.3Raca.4	76.125
1788.mck510Post.5Bubo.7	83.25
1788.mck683Post.8Osse.6	111.1
1788.mck172Pre.4Rapi.2	100.0
1788.mck698Post.9Buma.1	191.0909090909091
1788.mck247Pre.4Osse.2	93.625
1788.mck344Post.2Bubo.3	73.5
1788.mck631Post.7Osse.9	102.875
1788.mck675Post.8Bubo.8	57.75
1788.mck651Post.8Buma.6	173.6
1788.mck566Post.6Bubo.10	71.875
1788.mck748Post.10Bubo.5	92.1
1788.mck352Post.2Osse.1	111.71428571428572
1788.mck91Pre.1Osse.5	77.2
1788.mck719Post.9Rapi.11	150.92857142857142
1788.mck532Post.6Raca.9	148.0
1788.mck630Post.7Osse.8	130.11111111111111
1788.mck681Post.8Osse.4	90.66666666666667
1788.mck7Pre.1Raca.7	81.75
1788.mck489Post.5Buma.9	231.66666666666669
1788.mck696Post.9Raca.9	156.43478260869566
1788.mck261Post.1Raca.6	120.875
1788.mck763Post.10Buma.1	144.4
1788.mck410Post.3Osse.6	131.31578947368422
1788.mck449Post.4Rapi.11	77.14285714285714
1788.mck444Post.4Rapi.6	96.15384615384616
1788.mck783Post.10Rapi.10	154.0
1788.mck488Post.5Buma.8	129.55555555555554
1788.mck591Post.7Buma.2	170.75
1788.mck121Pre.3Rapi.4	50.0
1788.mck111Pre.3Buma.5	189.0
1788.mck445Post.4Rapi.7	139.66666666666666
1788.mck411Post.3Osse.7	92.5
1788.mck354Post.2Osse.3	83.625
1788.mck47Pre.2Raca.4	93.85714285714286
1788.mck136Pre.3Bubo.7	78.0
1788.mck606Post.7Rapi.6	186.04347826086956
1788.mck746Post.10Bubo.3	118.5
1788.mck621Post.7Bubo.9	157.1
1788.mck119Pre.3Rapi.2	72.5
1788.mck431Post.4Buma.4	173.21428571428572
1788.mck156Pre.4Raca.7	220.9
1788.mck51Pre.2Raca.8	219.57692307692307
1788.mck633Post.7Control.Mold1	149.14285714285714
1788.mck44Pre.2Raca.1	155.1875
1788.mck607Post.7Rapi.7	132.66666666666666
1788.mck657Post.8Rapi.1	77.58333333333333
1788.mck2Pre.1Raca.2	125.25
1788.mck80Pre.2Bubo.4	96.0
1788.mck576Post.6Osse.10	115.75
1788.mck638Post.8Raca.3	154.0625
1788.mck373Post.3Buma.2	136.46153846153845
1788.mck49Pre.2Raca.6	152.0625
1788.mck342Post.2Bubo.1	102.1
1788.mck775Post.10Rapi.2	145.25
1788.mck525Post.6Raca.2	139.33333333333334
1788.mck400Post.3Bubo.6	103.0
1788.mck557Post.6Bubo.1	67.0
1788.mck604Post.7Rapi.4	77.375
1788.mck27Pre.1Rapi.6	106.0909090909091
1788.mck443Post.4Rapi.5	96.66666666666667
1788.mck65Pre.2Rapi.1	132.0909090909091
1788.mck433Post.4Buma.6	143.6
1788.mck556Post.6Rapi.12	76.11111111111111
1788.mck115Pre.3Buma.11	268.12
1788.mck17Pre.1Buma.7	127.6
1788.mck390Post.3Rapi.8	115.625
1788.mck177Pre.4Rapi.7	114.66666666666667
1788.mck401Post.3Bubo.7	73.0
1788.mck605Post.7Rapi.5	88.33333333333333
1788.mck369Post.3Raca.8	123.5
1788.mck611Post.7Rapi.11	133.0
1788.mck750Post.10Bubo.8	101.875
1788.mck442Post.4Rapi.4	90.11111111111111
1788.mck24Pre.1Rapi.3	78.2
1788.mck795Post.10Osse.2	204.0
1788.mck751Post.10Bubo.9	58.0
1788.mck503Post.5Rapi.12	124.5
1788.mck140Pre.2Osse.1	80.0
1788.mck752Post.10Bubo.10	87.11111111111111
1788.mck297Post.1Bubo.9	95.5
1788.mck70Pre.2Rapi.6	101.0
1788.mck610Post.7Rapi.10	96.71428571428571
1788.mck405Post.3Osse.1	167.06666666666666
1788.mck506Post.5Bubo.3	27.0
1788.mck654Post.8Buma.9	157.9375
1788.mck122Pre.3Rapi.5	138.2
1788.mck204Pre.5Raca.2	90.5
1788.mck201Pre.3Osse.9	163.14285714285714
1788.mck220Pre.5Buma.8	173.78947368421052
1788.mck377Post.3Buma.6	125.75
1788.mck346Post.2Bubo.5	46.0
1788.mck143Pre.2Osse.4	110.0
1788.mck309Post.2Raca.1	200.1764705882353
1788.mck603Post.7Rapi.3	83.875
1788.mck368Post.3Raca.7	75.0
1788.mck686Post.8Osse.9	51.0
1788.mck296Post.1Bubo.8	81.6
1788.mck647Post.8Buma.2	142.07142857142858
1788.mck398Post.3Bubo.4	87.25
1788.mck691Post.9Raca.4	176.12
1788.mck182Pre.4Rapi.12	121.6
1788.mck338Post.2Rapi.9	110.33333333333333
1788.mck728Post.9Bubo.9	92.75
1788.mck128Pre.3Rapi.11	120.33333333333333
1788.mck187Pre.4Bubo.5	77.92857142857143
1788.mck740Post.9Control.Cricket	321.1290322580645
1788.mck228Pre.5Rapi.5	88.5
1788.mck513Post.5Bubo.10	75.0
1788.mck593Post.7Buma.4	158.08333333333334
1788.mck739Post.9Osse.10	122.11111111111111
1788.mck202Pre.3Osse.10	77.75
1788.mck225Pre.5Rapi.2	73.33333333333333
1788.mck407Post.3Osse.3	85.3
1788.mck215Pre.5Buma.3	125.9090909090909
1788.mck708Post.9Buma.11	110.66666666666667
1788.mck249Pre.4Osse.4	53.75
1788.mck191Pre.4Bubo.9	93.11111111111111
1788.mck375Post.3Buma.4	111.75
1788.mck504Post.5Bubo.1	79.375
1788.mck148Pre.2Osse.9	115.0909090909091
1788.mck264Post.1Raca.9	151.5
1788.mck406Post.3Osse.2	144.0
1788.mck523Post.5Osse.10	92.8
1788.mck180Pre.4Rapi.10	77.11111111111111
1788.mck601Post.7Rapi.1	175.54545454545456
1788.mck268Post.1Buma.3	144.64705882352942
1788.mck189Pre.4Bubo.7	124.6
1788.mck160Pre.4Buma.1	178.27272727272728
1788.mck320Post.2Buma.2	122.16666666666667
1788.mck632Post.7Osse.10	85.85714285714286
1788.mck63Pre.2Buma.10	167.375
1788.mck334Post.2Rapi.5	77.2
1788.mck71Pre.2Rapi.7	77.5
1788.mck370Post.3Raca.9	102.71428571428572
1788.mck546Post.6Rapi.2	113.42857142857143
1788.mck437Post.4Buma.10	117.0909090909091
1788.mck637Post.8Raca.2	150.71428571428572
1788.mck634Post.7Conrol.Mold2	104.3
1788.mck163Pre.4Buma.4	141.0
1788.mck131Pre.3Bubo.2	72.5
1788.mck321Post.2Buma.3	144.07142857142858
1788.mck329Post.2Buma.11	185.5
1788.mck421Post.4Raca.4	304.0909090909091
1788.mck547Post.6Rapi.3	126.06666666666666
1788.mck256Post.1Raca.1	124.875
1788.mck221Pre.5Buma.9	181.5
1788.mck151Pre.4Raca.2	120.75
1788.mck200Pre.3Osse.8	100.5
1788.mck205Pre.5Raca.3	94.0
1788.mck679Post.8Osse.2	143.07692307692307
1788.mck190Pre.4Bubo.8	75.875
1788.mck336Post.2Rapi.7	112.0
1788.mck277Post.1Rapi.1	111.0909090909091
1788.mck214Pre.5Buma.2	103.76923076923077
1788.mck786Post.11Bubo.1	120.66666666666667
1788.mck379Post.3Buma.8	146.66666666666666
1788.mck522Post.5Osse.9	80.0
1788.mck186Pre.4Bubo.4	100.0
1788.mck617Post.7Bubo.5	69.2
1788.mck188Pre.4Bubo.6	55.5
1788.mck519Post.5Osse.6	99.0
1788.mck501Post.5Rapi.10	73.25
1788.mck423Post.4Raca.6	148.25
1788.mck137Pre.3Bubo.8	141.5
1788.mck212Pre.5Raca.10	165.4
1788.mck535Post.6Buma.2	119.17647058823529
1788.mck157Pre.4Raca.8	193.2
1788.mck371Post.3Raca.10	136.08333333333334
1788.mck616Post.7Bubo.4	57.2
1788.mck50Pre.2Raca.7	58.5
1788.mck545Post.6Rapi.1	145.33333333333334
1788.mck668Post.8Rapi.12	77.8
1788.mck284Post.1Rapi.8	118.25
1788.mck378Post.3Buma.7	101.61538461538461
1788.mck319Post.2Buma.1	140.23076923076923
1788.mck565Post.6Bubo.9	52.5
1788.mck656Post.8Buma.11	186.2
1788.mck324Post.2Buma.6	95.33333333333333
1788.mck648Post.8Buma.3	167.0909090909091
1788.mck330Post.2Rapi.1	293.2857142857143
1788.mck415Post.3NA	317.77777777777777
1788.mck337Post.2Rapi.8	140.72413793103448
1788.mck250Pre.4Osse.5	107.0
1788.mck669Post.8Bubo.1	90.42857142857143
1788.mck285Post.1Rapi.9	168.0
1788.mck81Pre.2Bubo.5	117.625
1788.mck554Post.6Rapi.10	177.95454545454544
1788.mck645Post.8Raca.10	175.0
1788.mck701Post.9Buma.4	192.5
1788.mck564Post.6Bubo.8	100.375
1788.mck666Post.8Rapi.10	105.0
1788.mck3Pre.1Raca.3	130.83333333333334
1788.mck325Post.2Buma.7	120.5
1788.mck235Pre.5Rapi.12	95.0
1788.mck494Post.5Rapi.3	61.0
1788.mck16Pre.1Buma.6	146.0
1788.mck54Pre.2Buma.1	196.1
1788.mck388Post.3Rapi.6	89.375
1788.mck96Pre.1Osse.10	93.78947368421052
1788.mck317Post.2Raca.9	179.33333333333334
1788.mck613Post.7Bubo.1	70.0
1788.mck39Pre.1Bubo.6	85.2
1788.mck664Post.8Rapi.8	102.0
1788.mck274Post.1Buma.9	159.46153846153845
1788.mck328Post.2Buma.10	118.0
1788.mck332Post.2Rapi.3	91.0909090909091
1788.mck609Post.7Rapi.9	87.875
1788.mck59Pre.2Buma.6	150.0
1788.mck267Post.1Buma.2	114.57142857142857
1788.mck86Pre.2Bubo.10	81.0
1788.mck365Post.3Raca.4	135.14285714285714
1788.mck389Post.3Rapi.7	98.27272727272728
1788.mck703Post.9Buma.6	146.23529411764707
1788.mck57Pre.2Buma.4	198.23076923076923
1788.mck727Post.9Bubo.8	95.1
1788.mck127Pre.3Rapi.10	95.375
1788.mck782Post.10Rapi.9	113.46153846153847
1788.mck316Post.2Raca.8	61.25
1788.mck583Post.7Raca.4	210.15384615384616
1788.mck289Post.1Bubo.1	46.5
1788.mck37Pre.1Bubo.4	93.16666666666667
1788.mck608Post.7Rapi.8	133.6
1788.mck176Pre.4Rapi.6	134.5
1788.mck105Pre.3Raca.10	212.3448275862069
1788.mck676Post.8Bubo.9	62.0
1788.mck652Post.8Buma.7	136.5
1788.mck476Post.5Raca.6	63.0
1788.mck507Post.5Bubo.4	48.0
1788.mck384Post.3Rapi.2	103.0
1788.mck340Post.2Rapi.11	118.6
1788.mck672Post.8Bubo.4	56.0
1788.mck244Pre.5Bubo.9	99.5
1788.mck260Post.1Raca.5	248.93548387096774
1788.mck690Post.9Raca.3	227.21428571428572
1788.mck434Post.4Buma.7	89.1
1788.mck94Pre.1Osse.8	92.42857142857143
1788.mck531Post.6Raca.8	93.66666666666667
1788.mck477Post.5Raca.7	65.0
1788.mck588Post.7Raca.9	86.57142857142857
1788.mck385Post.3Rapi.3	59.857142857142854
1788.mck673Post.8Bubo.5	152.55
1788.mck597Post.7Buma.8	164.2
1788.mck162Pre.4Buma.3	160.6
1788.mck590Post.7Buma.1	166.66666666666666
1788.mck792Post.11Bubo.9	90.0
1788.mck374Post.3Buma.3	133.0
1788.mck687Post.8Osse.10	128.85714285714286
1788.mck149Pre.2Osse.10	71.0
1788.mck237Pre.5Bubo.2	62.25
1788.mck650Post.8Buma.5	180.83333333333334
1788.mck474Post.5Raca.4	168.8
1788.mck304Post.1Osse.6	142.5
1788.mck262Post.1Raca.7	179.55555555555554
1788.mck695Post.9Raca.8	106.0
1788.mck269Post.1Buma.4	120.54545454545455
1788.mck623Post.7Osse.1	178.11764705882354
1788.mck682Post.8Osse.5	118.375
1788.mck414Post.3Osse.10	93.0
1788.mck699Post.9Buma.2	134.4
1788.mck292Post.1Bubo.4	96.0
1788.mck114Pre.3Buma.8	243.4
1788.mck305Post.1Osse.7	99.0
1788.mck760Post.10Raca.8	183.25
1788.mck475Post.5Raca.5	121.25
1788.mck592Post.7Buma.3	167.9090909090909
1788.mck241Pre.5Bubo.6	81.75
1788.mck747Post.10Bubo.4	51.2
1788.mck498Post.5Rapi.7	136.75
1788.mck353Post.2Osse.2	106.5
1788.mck293Post.1Bubo.5	62.5
1788.mck276Post.1Buma.11	177.11111111111111
1788.mck33Pre.1Rapi.12	93.2
1788.mck98Pre.3Raca.2	123.0
1788.mck263Post.1Raca.8	117.0
1788.mck145Pre.2Osse.6	104.5
1788.mck743Post.9Control.Mold	114.77272727272727
1788.mck472Post.5Raca.2	58.0
1788.mck83Pre.2Bubo.7	62.25
1788.mck548Post.6Rapi.4	113.1
1788.mck761Post.10Raca.9	203.04347826086956
1788.mck446Post.4Rapi.8	106.5
1788.mck639Post.8Raca.4	194.92857142857144
1788.mck382Post.3Buma.11	131.66666666666666
1788.mck124Pre.3Rapi.7	76.0
1788.mck470Post.4Osse.10	114.125
1788.mck412Post.3Osse.8	210.8
1788.mck355Post.2Osse.4	84.14285714285714
1788.mck749Post.10Bubo.6	83.33333333333333
1788.mck252Pre.4Osse.7	130.57142857142858
1788.mck515Post.5Osse.2	135.0
1788.mck594Post.7Buma.5	200.07142857142856
1788.mck741Post.9Control.SterileWater	33.5
1788.mck499Post.5Rapi.8	89.33333333333333
1788.mck765Post.10Buma.3	159.25
1788.mck549Post.6Rapi.5	127.11111111111111
1788.mck318Post.2Raca.10	142.3
1788.mck473Post.5Raca.3	50.0
1788.mck413Post.3Osse.9	148.0
1788.mck447Post.4Rapi.9	208.24137931034483
1788.mck539Post.6Buma.6	147.0
1788.mck174Pre.4Rapi.4	95.25
1788.mck31Pre.1Rapi.10	113.0
1788.mck627Post.7Osse.5	137.27272727272728
1788.mck21Pre.1Buma.11	137.47619047619048
1788.mck512Post.5Bubo.9	102.05882352941177
1788.mck40Pre.1Bubo.7	116.6
1788.mck139Pre.3Bubo.10	90.0
1788.mck653Post.8Buma.8	147.4
1788.mck300Post.1Osse.2	101.0
1788.mck213Pre.5Buma.1	142.58823529411765
1788.mck596Post.7Buma.7	173.625
1788.mck20Pre.1Buma.10	148.6
1788.mck357Post.2Osse.6	68.5
1788.mck709Post.9Rapi.1	87.8
1788.mck36Pre.1Bubo.3	71.14285714285714
1788.mck626Post.7Osse.4	109.11111111111111
1788.mck66Pre.2Rapi.2	102.25
1788.mck9Pre.1Raca.9	137.1764705882353
1788.mck79Pre.2Bubo.3	49.875
1788.mck56Pre.2Buma.3	170.0
1788.mck14Pre.1Buma.4	150.0909090909091
1788.mck435Post.4Buma.8	120.27272727272728
1788.mck301Post.1Osse.3	114.46153846153845
1788.mck471Post.5Raca.1	53.0
1788.mck450Post.4Rapi.12	95.125
1788.mck530Post.6Raca.7	86.0
1788.mck312Post.2Raca.4	70.5
1788.mck203Pre.5Raca.1	116.15789473684211
1788.mck283Post.1Rapi.7	129.25
1788.mck580Post.7Raca.1	172.29166666666666
1788.mck587Post.7Raca.8	147.0
1788.mck700Post.9Buma.3	124.6875
1788.mck562Post.6Bubo.6	66.1
1788.mck82Pre.2Bubo.6	85.0
1788.mck359Post.2Osse.8	74.0
1788.mck165Pre.4Buma.6	166.0
1788.mck598Post.7Buma.9	165.9090909090909
1788.mck788Post.11Bubo.5	103.6
1788.mck778Post.10Rapi.5	119.375
1788.mck99Pre.3Raca.3	151.05
1788.mck46Pre.2Raca.3	221.21875
1788.mck397Post.3Bubo.3	83.16666666666667
1788.mck495Post.5Rapi.4	73.5
1788.mck424Post.4Raca.7	112.9090909090909
1788.mck282Post.1Rapi.6	73.42857142857143
1788.mck97Pre.3Raca.1	96.36363636363636
1788.mck508Post.5Bubo.5	47.0
1788.mck313Post.2Raca.5	104.16666666666667
1788.mck270Post.1Buma.5	172.27272727272728
1788.mck660Post.8Rapi.4	54.0
1788.mck418Post.4Raca.1	78.55555555555556
1788.mck154Pre.4Raca.5	255.3
1788.mck563Post.6Bubo.7	96.0
1788.mck735Post.9Osse.6	140.64705882352942
1788.mck649Post.8Buma.4	155.0
1788.mck396Post.3Bubo.2	76.0
1788.mck642Post.8Raca.7	98.5
1788.mck721Post.9Bubo.1	49.625
1788.mck134Pre.3Bubo.5	73.625
1788.mck76Pre.2Rapi.12	132.07142857142858
1788.mck705Post.9Buma.8	123.23076923076923
1788.mck560Post.6Bubo.4	36.0
1788.mck754Post.10Raca.2	170.07142857142856
1788.mck281Post.1Rapi.5	79.57142857142857
1788.mck582Post.7Raca.3	84.2
1788.mck439Post.4Rapi.1	80.6
1788.mck540Post.6Buma.7	125.0
1788.mck722Post.9Bubo.2	63.0
1788.mck75Pre.2Rapi.11	106.5625
1788.mck395Post.3Bubo.1	82.14285714285714
1788.mck409Post.3Osse.5	82.75
1788.mck497Post.5Rapi.6	59.6
1788.mck175Pre.4Rapi.5	134.57142857142858
1788.mck553Post.6Rapi.9	60.2
1788.mck773Post.10Buma.11	165.0
1788.mck15Pre.1Buma.5	103.15384615384616
1788.mck577Post.6Control.Crickets	315.2
1788.mck561Post.6Bubo.5	73.2
1788.mck280Post.1Rapi.4	42.0
1788.mck78Pre.2Bubo.2	57.5
1788.mck8Pre.1Raca.8	76.0
1788.mck662Post.8Rapi.6	165.66666666666666
1788.mck67Pre.2Rapi.3	79.0
1788.mck272Post.1Buma.7	103.54545454545455
1788.mck25Pre.1Rapi.4	141.43478260869566
1788.mck64Pre.2Buma.11	173.0
1788.mck408Post.3Osse.4	65.33333333333333
1788.mck723Post.9Bubo.3	127.6
1788.mck640Post.8Raca.5	161.27586206896552
1788.mck333Post.2Rapi.4	102.16666666666667
1788.mck74Pre.2Rapi.10	85.0
1788.mck552Post.6Rapi.8	150.14285714285714
1788.mck364Post.3Raca.3	103.5
1788.mck491Post.5Buma.11	159.58823529411765
1788.mck529Post.6Raca.6	72.0
1788.mck168Pre.4Buma.12	179.875
1788.mck490Post.5Buma.10	153.54545454545456
1788.mck724Post.9Bubo.4	107.33333333333333
1788.mck104Pre.3Raca.8	119.76923076923077
1788.mck541Post.6Buma.8	133.25
1788.mck420Post.4Raca.3	119.875
1788.mck193Pre.3Osse.1	87.16666666666667
1788.mck584Post.7Raca.5	155.14285714285714
1788.mck717Post.9Rapi.9	114.66666666666667
1788.mck704Post.9Buma.7	111.25
1788.mck731Post.9Osse.2	441.3409090909091
1788.mck142Pre.2Osse.3	91.0
1788.mck725Post.9Bubo.5	78.8
1788.mck41Pre.1Bubo.8	96.6
1788.mck755Post.10Raca.3	279.61764705882354
1788.mck273Post.1Buma.8	120.83333333333333
1788.mck726Post.9Bubo.6	80.0
1788.mck248Pre.4Osse.3	119.875
1788.mck425Post.4Raca.8	199.03703703703704
1788.mck493Post.5Rapi.2	35.0
1788.mck358Post.2Osse.7	219.03846153846155
1788.mck429Post.4Buma.2	122.66666666666667
1788.mck158Pre.4Raca.11	202.2
1788.mck232Pre.5Rapi.9	300.3529411764706
1788.mck62Pre.2Buma.10	196.07142857142858
1788.mck798Post.10Osse.5	142.42857142857142
1788.mck567Post.6Osse.1	165.0909090909091
1788.mck479Post.5Raca.9	106.61538461538461
1788.mck586Post.7Raca.7	230.12
1788.mck643Post.8Raca.8	166.875
1788.mck159Pre.4Raca.10	199.16666666666666
1788.mck478Post.5Raca.8	55.0
1788.mck500Post.5Rapi.9	88.0
1788.mck211Pre.5Raca.12	206.75
1788.mck125Pre.3Rapi.8	72.625
1788.mck246Pre.4Osse.1	162.75
